date,portfolio_daily_return,portfolio_cumulative_return
2020-01-03,-0.0010319421937560283,-0.0010319421937560191
2020-01-06,0.003735506396311906,0.00269970937589048
2020-01-07,-0.006588447396581722,-0.003906524913900311
2020-01-08,0.0057906800991020645,0.0018615337491261208
2020-01-09,0.005446858301976124,0.007318531561658181
2020-01-10,-0.008263739029426904,-0.0010056859026729148
2020-01-13,0.01016481446374939,0.009148905950467023
2020-01-14,-0.0038803153611623236,0.005233089949007397
2020-01-15,0.002986706202621546,0.00823542585383863
2020-01-16,0.012022865993466894,0.02035730526874535
2020-01-17,0.002958356267223607,0.023375885697594523
2020-01-21,-0.0062493881938640436,0.016980412519630894
2020-01-22,-0.004360686396164779,0.012545679869590431
2020-01-23,0.007216674744670641,0.01985289270533075
2020-01-24,-0.007093670818639629,0.012618392001041645
2020-01-27,-0.017224907141606443,-0.004823865771059088
2020-01-28,0.009476577427065463,0.004606997918529254
2020-01-29,-0.003389246511374059,0.0012021371555319682
2020-01-30,0.009140353708662313,0.010353478823002193
2020-01-31,-0.017956418877325263,-0.007788851456906443
2020-02-03,0.006220719734240899,-0.001616583984630493
2020-02-04,0.022998094799180885,0.02134433246282086
2020-02-05,0.010488910025479161,0.03205712127105653
2020-02-06,0.004270632979217785,0.036464658449593124
2020-02-07,-0.0005411424816418016,0.035903783392185584
2020-02-10,0.007815858843361516,0.04400026113848288
2020-02-11,0.010923821463092556,0.05540473359858167
2020-02-12,0.007084685718709607,0.06288194444216622
2020-02-13,-0.0032998339463824558,0.059374610520898985
2020-02-14,-0.0003183680145516304,0.05903733952948098
2020-02-18,0.00046496672499852414,0.05952975665289317
2020-02-19,0.0016939394530707072,0.06132453590938991
2020-02-20,-0.006115453772704959,0.054834054772198604
2020-02-21,-0.0006062840814808173,0.054194525676186434
2020-02-24,-0.028583555229653942,0.0240618982287224
2020-02-25,-0.0308504014569686,-0.007530822448418961
2020-02-26,0.0015697108499120452,-0.005972932812213005
2020-02-27,-0.03831488842942794,-0.04405896898734463
2020-02-28,-0.01563520070830681,-0.05900529887253325
2020-03-02,0.042910185715314776,-0.018627041490026586
2020-03-03,-0.028877723803414523,-0.0469668587340174
2020-03-04,0.040617878226311535,-0.008256674656436536
2020-03-05,-0.032744029607637046,-0.04073034746466253
2020-03-06,-0.014234534451211305,-0.054385104381678206
2020-03-09,-0.08538454431979513,-0.13512600134605923
2020-03-10,0.04725424118753404,-0.09425703681683895
2020-03-11,-0.04632145979730713,-0.13621237307262157
2020-03-12,-0.0991346150621795,-0.22184362696354076
2020-03-13,0.09219729059784891,-0.15009971770813013
2020-03-16,-0.12069629514500367,-0.2526795330234516
2020-03-17,0.06683677324297232,-0.20273104443230794
2020-03-18,-0.05766272942294263,-0.24870374849451982
2020-03-19,0.018451391856723037,-0.23484128695750506
2020-03-20,-0.042645840394735436,-0.2674721233105565
2020-03-23,-0.016979463884156987,-0.279910053936943
2020-03-24,0.08456230155226344,-0.2190175907732057
2020-03-25,0.0286728075187722,-0.19662463247789896
2020-03-26,0.07063523352806508,-0.13987802578228026
2020-03-27,-0.026820363314851353,-0.1629468096258867
2020-03-30,0.03314327145284742,-0.1352041285168455
2020-03-31,-0.0078634687466094,-0.1420044238244501
2020-04-01,-0.03288543264249854,-0.17021997955233292
2020-04-02,0.025994737113439147,-0.1486500660588116
2020-04-03,-0.015962504334499375,-0.1622397430695236
2020-04-06,0.0615938860574242,-0.11063883326070945
2020-04-07,-0.012148795204333358,-0.12144349993811199
2020-04-08,0.02559184104902642,-0.0989596216359393
2020-04-09,0.014037509533491633,-0.08631125873459278
2020-04-13,-0.009916126492496069,-0.09537151186775006
2020-04-14,0.018308474261441617,-0.07880914447661391
2020-04-15,-0.01644456443680705,-0.09395772685886572
2020-04-16,0.0007522545797283288,-0.09327615240946785
2020-04-17,0.03818081113239334,-0.05865670043537674
2020-04-20,-0.017034453235011952,-0.07469196884990215
2020-04-21,-0.028052118168693862,-0.10064881908216616
2020-04-22,0.015215459661587213,-0.08696477746731002
2020-04-23,0.0020220134093719404,-0.08511860800411997
2020-04-24,0.009374404165742575,-0.07654214007183335
2020-04-27,0.011658474371062032,-0.06577603027910517
2020-04-28,-0.003303754099973952,-0.0688624765493645
2020-04-29,0.025670959574859403,-0.04495928282622852
2020-04-30,-0.009912231848150925,-0.054425867839279274
2020-05-01,-0.02370150528744852,-0.07683739813236112
2020-05-04,0.00026221667010269383,-0.076595329508936
2020-05-05,0.009633969649463434,-0.06769927693925237
2020-05-06,-0.01441623468474364,-0.08113954295965231
2020-05-07,0.020205924305445683,-0.06257311811742772
2020-05-08,0.01606544717680956,-0.04751293606442197
2020-05-11,-0.005494499591266697,-0.05274637584790276
2020-05-12,-0.013622429481937358,-0.06565027154442427
2020-05-13,-0.018132517413849712,-0.08259238426627069
2020-05-14,0.007603175285037476,-0.07561717335601892
2020-05-15,0.00616454718379704,-0.0699187718052805
2020-05-18,0.04180305199581433,-0.031038537862725812
2020-05-19,-0.01511456178721508,-0.04568396575162992
2020-05-20,0.012675634225467223,-0.033587404765999085
2020-05-21,-0.006410078178360914,-0.03978218505400166
2020-05-22,-0.000921815294220401,-0.04066732852160182
2020-05-26,0.017838034211286345,-0.023554719507765554
2020-05-27,0.02671878790126919,0.002534714838901664
2020-05-28,-0.001976509417508072,0.0005531955336437466
2020-05-29,0.0005147766244582087,0.0010682569302313816
2020-06-01,3.6975474874475643e-06,0.001071958427649733
2020-06-02,0.008520459029931043,0.009601551035445244
2020-06-03,0.021682695473459617,0.031492434016079374
2020-06-04,0.0018644526669877618,0.033415602835658254
2020-06-05,0.0265927497527485,0.0608969653524527
2020-06-08,0.017169210919794276,0.07911172911475872
2020-06-09,-0.012841101696077372,0.0652547456597663
2020-06-10,-0.008105766879175942,0.0566200390245124
2020-06-11,-0.05789299247834633,-0.004550856947203696
2020-06-12,0.015313707248223288,0.010693159810001518
2020-06-15,0.006473446313235869,0.017235827719186192
2020-06-16,0.01635656790596176,0.03387431461165247
2020-06-17,-0.005421235736766049,0.028269438229955313
2020-06-18,0.0033313632710572395,0.03169497726922521
2020-06-19,-0.005326174164092138,0.026199990136070328
2020-06-22,0.005877520527750685,0.0322315016436725
2020-06-23,0.001551130307823889,0.03383262721056268
2020-06-24,-0.022392416410714485,0.01068261652308089
2020-06-25,0.018188430241305797,0.02906534678981143
2020-06-26,-0.02754849886782306,0.0007161412488563279
2020-06-29,0.017870945485046363,0.01859988485512054
2020-06-30,0.010088655812202446,0.028876188503772937
2020-07-01,0.003039756019959115,0.03200372109156979
2020-07-02,0.004107209773367039,0.03624237686098808
2020-07-06,0.014883699718522362,0.05166549723379488
2020-07-07,-0.012349893906244842,0.03867753991809919
2020-07-08,0.007807232020370274,0.046786736466587264
2020-07-09,-0.009502626284197254,0.036839513310690686
2020-07-10,0.01973074013737908,0.05729712431199063
2020-07-13,-0.003671097538959061,0.053415683440980244
2020-07-14,0.01583609318522777,0.07009767236673192
2020-07-15,0.01264536353195552,0.08362944644850856
2020-07-16,-0.004056844872377708,0.07923332988512644
2020-07-17,0.0007158514206570989,0.08000590059754531
2020-07-20,0.002129724067744124,0.08230601515735336
2020-07-21,0.0072885162229455215,0.09019442010701928
2020-07-22,0.008406353483348492,0.099358979768013
2020-07-23,-0.009536081573920037,0.08887540285792372
2020-07-24,-0.005013784375513625,0.08341601637619367
2020-07-27,0.006771102912319222,0.09075193771993173
2020-07-28,-0.005978719031512988,0.0842306383512259
2020-07-29,0.010630141580627653,0.09575616354295358
2020-07-30,-0.007966945842933702,0.08702633353094602
2020-07-31,-0.0006426545728329788,0.08632775108691249
2020-08-03,0.008099537003558158,0.09512650290483293
2020-08-04,0.0019201654514304247,0.09722932698065656
2020-08-05,0.008952790640605139,0.10705259142984636
2020-08-06,-5.68311847416322e-05,0.10698967631950418
2020-08-07,0.003101967673232888,0.11042352251004983
2020-08-10,0.009697675978208418,0.12119205002993305
2020-08-11,-0.0007054045036627131,0.1204011561083711
2020-08-12,0.008229099710615643,0.12962104893787596
2020-08-13,-0.0034216628724079347,0.12575586653483461
2020-08-14,0.002743369148533956,0.1288442304478674
2020-08-17,-0.0007208131527025618,0.12803054467920827
2020-08-18,-0.0026915088492831278,0.12499444048594244
2020-08-19,-0.0030785441281774026,0.12153109545695218
2020-08-20,0.002621191010549424,0.12447084268241548
2020-08-21,0.006323069585070539,0.13158095006707926
2020-08-24,0.010938780360743767,0.14395906554026472
2020-08-25,0.0004916979250737107,0.14452154783916016
2020-08-26,0.013454675784867727,0.159920714194131
2020-08-27,0.00018957795669270966,0.16014060959305354
2020-08-28,0.003999910784764289,0.16478106852920793
2020-08-31,-0.006549654857071741,0.1571521545462904
2020-09-01,0.01072877314026599,0.16956697750118743
2020-09-02,0.012193410427453356,0.18382798768025532
2020-09-03,-0.03031896976161877,0.1479355427188196
2020-09-04,-0.003886897901112667,0.14347363446721317
2020-09-08,-0.022235712996127283,0.11804768291256162
2020-09-09,0.01625112958025435,0.13621722068447673
2020-09-10,-0.01598885742164941,0.11805040554292989
2020-09-11,0.007806398725259797,0.12677835280353644
2020-09-14,0.010850687074039795,0.1390046721116096
2020-09-15,0.0038813075570240507,0.14342549955296224
2020-09-16,-0.001093261811135439,0.1421754361204226
2020-09-17,-0.004256597521337964,0.1373136549900993
2020-09-18,-0.004763472169264606,0.13189609304682937
2020-09-21,-0.016768100263916588,0.11291634587028465
2020-09-22,0.012359998304701929,0.12667199001851648
2020-09-23,-0.022441390551682205,0.10138790386686991
2020-09-24,0.001412277960657199,0.10294336972963536
2020-09-25,0.016507915664183147,0.1211506658595023
2020-09-28,0.01546059026125927,0.13848431692549412
2020-09-29,-0.005921547811892719,0.13174272760972983
2020-09-30,0.009470782674297554,0.14246121702613812
2020-10-01,0.0026594197465917785,0.14549950094641262
2020-10-02,-0.0037977248721215006,0.14114920900066563
2020-10-05,0.016087066214213554,0.15950695188615693
2020-10-06,-0.013480158626158716,0.1438766142465977
2020-10-07,0.0195335674762408,0.16622060527547733
2020-10-08,0.009124221496543287,0.17686146039184347
2020-10-09,0.008083653707796597,0.18637480089970304
2020-10-12,0.010852328768590273,0.19924973028183746
2020-10-13,0.0001786697130747144,0.199463999887052
2020-10-14,-0.005401884627620505,0.1929846337446779
2020-10-15,0.0010053110385712903,0.19418395436582725
2020-10-16,0.001961490599103999,0.19652633496591676
2020-10-19,-0.011806500279818126,0.18239954645733203
2020-10-20,-0.0029786583524246137,0.17887758217237382
2020-10-21,-0.012767921742677747,0.16382576545899985
2020-10-22,0.004545740587399652,0.1691162154777084
2020-10-23,0.007763829490519305,0.17819303442927859
2020-10-26,-0.017165152872301016,0.15796917088021978
2020-10-27,-0.008108588968518656,0.14857967483533585
2020-10-28,-0.03166347835999507,0.11221164715645693
2020-10-29,0.00720025857048109,0.12021985860108408
2020-10-30,-0.009636474341818512,0.10942488867647926
2020-11-02,0.015426581570278614,0.12653952221774412
2020-11-03,0.021400461628027823,0.1506479880354219
2020-11-04,0.011102405393976585,0.16342294846435457
2020-11-05,0.022012612172739594,0.18903292662176563
2020-11-06,0.0031747533386762825,0.1928078128753541
2020-11-09,0.011455544479174557,0.2064720758308547
2020-11-10,0.008710962826341838,0.21698160923443655
2020-11-11,9.476954253838377e-05,0.21709694202482144
2020-11-12,-0.004688394992771848,0.21139071081611438
2020-11-13,0.012518840597966232,0.2265559180266783
2020-11-16,0.015547664749943206,0.24562599823721598
2020-11-17,-0.0030134112668832773,0.24187241481980526
2020-11-18,-0.0069323681741980175,0.23326329801489387
2020-11-19,0.002234091425848037,0.23601852097480203
2020-11-20,-0.004768332751452208,0.2301247733798364
2020-11-23,0.007283683934585509,0.2390846134292388
2020-11-24,0.01448058256698831,0.2570272804814857
2020-11-25,-0.004004553370803385,0.2519934476482417
2020-11-27,0.005211782842965975,0.25851856561820075
2020-11-30,-0.006712542002171107,0.25007070688597643
2020-12-01,0.004981249468082705,0.2562976209297181
2020-12-02,0.0005341673239863174,0.2569686940680205
2020-12-03,-0.0015710545927996404,0.2549939276281996
2020-12-04,0.009630194769036466,0.26707976358521734
2020-12-07,-0.0039416133332265384,0.26208542509480837
2020-12-08,0.0026694662708515735,0.26545451956803223
2020-12-09,-0.006422869963063505,0.25732666974467566
2020-12-10,-0.0010284296926179437,0.25603359766418987
2020-12-11,0.00302009591944935,0.2598269396071866
2020-12-14,-0.004128276674539573,0.2546260254384498
2020-12-15,0.011682572059079074,0.26928328438783034
2020-12-16,0.001373105599602478,0.271026144373105
2020-12-17,0.004782644236447303,0.27710501023686507
2020-12-18,0.0036264119426851066,0.2817363190980511
2020-12-21,-0.003392081692252775,0.27738856479574303
2020-12-22,0.0005136890794064829,0.27804474535163726
2020-12-23,0.0009329296900035289,0.27923707123972896
2020-12-24,0.002059609137898212,0.28187179960119235
2020-12-28,0.002364688434488975,0.28490302702020687
2020-12-29,-0.0023022066736304936,0.281944914696433
2020-12-30,0.0011869661957178005,0.2834665399749501
2020-12-31,0.008075377950604824,0.29383101737220296
2021-01-04,-0.018504265345303944,0.2698896249147631
2021-01-05,0.008377939761034434,0.28052868369546147
2021-01-06,0.013890092676321896,0.29831534578667984
2021-01-07,0.015779412194360826,0.31880199878611193
2021-01-08,-0.0013035982949256525,0.3170828107491499
2021-01-11,-0.0010312604342484356,0.31572455535779564
2021-01-12,0.0031801811133257804,0.31990879773908354
2021-01-13,-0.00044343458020459393,0.3193235045354499
2021-01-14,-0.006602624316651009,0.3106125070828749
2021-01-15,-0.008585518453123294,0.2993602192184208
2021-01-19,0.0020627116373570648,0.3020404246637214
2021-01-20,0.02092063855971604,0.3292799417782504
2021-01-21,-0.0032594732808811097,0.32494718932521294
2021-01-22,-0.0024266158901534622,0.32173205142198213
2021-01-25,-0.0020432139855411464,0.3190314700093786
2021-01-26,-0.007430752590133974,0.30923007349713827
2021-01-27,-0.027331209870388992,0.27344723158976314
2021-01-28,0.01608146700664545,0.2939261312292778
2021-01-29,-0.01601447549126768,0.2732045829131957
2021-02-01,0.014699744449429033,0.29192036491386153
2021-02-02,0.021485428324140812,0.31967782731471606
2021-02-03,0.0013546614155161832,0.32146554394829163
2021-02-04,0.013217446483923622,0.3389319440557772
2021-02-05,-0.0009670189627205956,0.3376371714760831
2021-02-08,0.009797723941079974,0.3507429712155328
2021-02-09,0.0019036942015899937,0.3533143727776742
2021-02-10,-0.0017208334445669982,0.3509855441439851
2021-02-11,0.0002593262929298888,0.35133589021694966
2021-02-12,0.0007946221945774741,0.35240969170764513
2021-02-16,0.00039329689961984217,0.3529415902464097
2021-02-17,-0.0038005456400215165,0.34779967398439493
2021-02-18,-0.004844717760276732,0.3412699649665476
2021-02-19,0.010222294928809198,0.3549808221275892
2021-02-22,-0.0008405996928242837,0.353841825664726
2021-02-23,0.005773370072577828,0.36165805554402275
2021-02-24,0.01157770341800565,0.37742292866784966
2021-02-25,-0.012869382768177107,0.35969634576515963
2021-02-26,-0.009004287445324043,0.34745324902953345
2021-03-01,0.022814019511052823,0.37819407374312486
2021-03-02,-0.005891539903499908,0.3700743883629001
2021-03-03,-0.01062929115884997,0.35551146877970763
2021-03-04,-0.011125101688335588,0.3404312658498283
2021-03-05,0.019617285161877204,0.36672688823190036
2021-03-08,-0.0011221895354808276,0.3651931616200663
2021-03-09,0.005862344051332451,0.37319639363000934
2021-03-10,0.010142723513957804,0.3871243449809625
2021-03-11,0.0064568523003103746,0.39608080199866924
2021-03-12,0.0048824035521889304,0.4028970318654901
2021-03-15,0.007230550731039114,0.41304075002481766
2021-03-16,-0.002937793507668522,0.4088895280833236
2021-03-17,0.005210166832727958,0.41623007757352104
2021-03-18,-0.006123424198243825,0.4075579000462266
2021-03-19,-0.004432990315586604,0.4013182095066943
2021-03-22,0.004579892758361806,0.4077360966265744
2021-03-23,-0.010657495541357805,0.3927331554533684
2021-03-24,-0.001505684510674864,0.39063613871369895
2021-03-25,0.004285010735841729,0.3965950294977365
2021-03-26,0.013959052476417388,0.41609017280279925
2021-03-29,0.0002574471484387928,0.4164547411797197
2021-03-30,0.0010253027749666723,0.41790703615646607
2021-03-31,0.0028914264085845185,0.4220068100057266
2021-04-01,0.010882104358734483,0.4374812365110399
2021-04-05,0.011373116573067749,0.4538298781854775
2021-04-06,0.0013975817799228446,0.4558617243343368
2021-04-07,0.00059032264674985,0.45672115248074774
2021-04-08,0.005758421362342193,0.4651095666841687
2021-04-09,0.004635116826290317,0.4719005206890654
2021-04-12,0.0023696192942058714,0.47538836456204203
2021-04-13,0.0008081779968283209,0.47658074097505754
2021-04-14,-0.0020932831413084324,0.47348983940319367
2021-04-15,0.00896312091598575,0.4866969070022409
2021-04-16,0.002627953825394583,0.49060387782619985
2021-04-19,-0.0031206920580881207,0.48595216214291237
2021-04-20,-0.013248292292976218,0.46626583356546303
2021-04-21,0.004002190491752348,0.47213410874294026
2021-04-22,-0.0102737638660926,0.45700975053049464
2021-04-23,0.011329239599514,0.47351656309308265
2021-04-26,-2.338192422259716e-05,0.47348210944046376
2021-04-27,0.0022709778043395554,0.4768283546060943
2021-04-28,-0.004688195436597506,0.46990469465339224
2021-04-29,0.006122120710498687,0.478903628626989
2021-04-30,-0.00891681470104636,0.46571651900981714
2021-05-03,0.0018946539687427295,0.468493544629611
2021-05-04,-0.0007307125719619501,0.4674204979347052
2021-05-05,0.0029539357939326995,0.47175516386830507
2021-05-06,0.009453186537999925,0.48566793997061675
2021-05-07,0.010234689878548196,0.5008732905987174
2021-05-10,-0.0073195971460686664,0.4898875027442404
2021-05-11,-0.006888759569684167,0.4796240259519582
2021-05-12,-0.019432940368419842,0.4508705804879525
2021-05-13,0.014263193336949878,0.47156462808434485
2021-05-14,0.014853276597278395,0.4934221845360527
2021-05-17,-0.0029272379269615545,0.489050582476513
2021-05-18,-0.014083218888392156,0.4680799571876084
2021-05-19,-0.008519952612691142,0.4555719855207283
2021-05-20,0.008069991068883954,0.46731843844399834
2021-05-21,0.0026913299176059106,0.4712674764560374
2021-05-24,0.006391072145738014,0.480670453043746
2021-05-25,-0.002157646460159471,0.4774756896820733
2021-05-26,0.0007357536103701,0.47856274775499097
2021-05-27,0.005116044664959884,0.48612714081245123
2021-05-28,-0.0016337687797389328,0.4836991526870691
2021-06-01,0.003414204990497836,0.48876480573857095
2021-06-02,-0.0007407719267876457,0.48766197056489036
2021-06-03,-0.0011660868404382544,0.4859272275179942
2021-06-04,0.0071522152723209505,0.4965548989282058
2021-06-07,-0.0021423482666202216,0.4933487571345849
2021-06-08,0.0007767767861519728,0.4945087557827559
2021-06-09,-0.0057731851744570305,0.48588067999077467
2021-06-10,-0.001390456872236818,0.4838146269879575
2021-06-11,-0.0002910732677887006,0.4833827282156875
2021-06-14,-0.0010496225437177998,0.4818257362631908
2021-06-15,-0.0006769597628152547,0.4808225998642366
2021-06-16,-0.005484826617954909,0.47270054465203204
2021-06-17,-0.004729591244694267,0.4657352730499893
2021-06-18,-0.009674718303877127,0.45155469717517427
2021-06-21,0.01470894868939066,0.47290554073576807
2021-06-22,0.006414057306837908,0.48235284128160627
2021-06-23,0.0008763747811366687,0.48365193792845185
2021-06-24,0.007134005978567286,0.4942363197237465
2021-06-25,0.003138295423087559,0.4989256747269468
2021-06-28,-0.00030750003191326613,0.49846475503413257
2021-06-29,-0.0015407137640446674,0.4961560497611157
2021-06-30,0.002354534116879115,0.49967880022445343
2021-07-01,0.0047296008070715915,0.5067716822883432
2021-07-02,0.0043763498972210785,0.5133658423852616
2021-07-06,-0.0045591536455006085,0.5064661749879746
2021-07-07,0.00517671349202545,0.514264718761315
2021-07-08,-0.009625952106499825,0.499688479101956
2021-07-09,0.011878774721187863,0.5175029406971692
2021-07-12,0.002032286256217328,0.5205869410673176
2021-07-13,-0.004205284368044016,0.5141924405737954
2021-07-14,-0.0007430047641938514,0.5130673883765429
2021-07-15,-0.00036968896467822507,0.5125080240602455
2021-07-16,-0.006449729782336011,0.502752756011442
2021-07-19,-0.01825057165598873,0.47532665915662053
2021-07-20,0.017335230704665996,0.5009017871578445
2021-07-21,0.005468847872107,0.5091099907027843
2021-07-22,-0.0006723400151711015,0.5080953556687402
2021-07-23,0.006006013271942695,0.5171529963902417
2021-07-26,-0.002814825930219898,0.5128824747958918
2021-07-27,0.000923437457241801,0.514279527141523
2021-07-28,-0.0004313308309572605,0.5136263716947795
2021-07-29,0.003977507508957267,0.5196468319539511
2021-07-30,-0.0019853442192777817,0.5166298099007876
2021-08-02,-0.0030804692252828663,0.5119578784452417
2021-08-03,0.008720787871221264,0.5251433423733842
2021-08-04,-0.009710944495036327,0.5103327600286223
2021-08-05,0.009994467790332971,0.5254277321514131
2021-08-06,0.004757894525749187,0.5326855564076423
2021-08-09,-0.0002191825411589658,0.5323496184925913
2021-08-10,0.004633607844097268,0.5394499257047378
2021-08-11,0.007680316538780662,0.5512733884297525
2021-08-12,-0.0002472104831401021,0.5508898973859164
2021-08-13,2.414761112949225e-05,0.5509273476720633
2021-08-16,-0.0012808582231946869,0.5489408296252201
2021-08-17,-0.006053309789483481,0.5395646109379191
2021-08-18,-0.011184770289940412,0.5223449344180571
2021-08-19,-0.0017111659453885163,0.5197399496091462
2021-08-20,0.00332237782297224,0.5247890999144127
2021-08-23,0.009807918657727096,0.5397441073765623
2021-08-24,0.005162814536173631,0.547693520636114
2021-08-25,0.003635378050235491,0.5533199716895261
2021-08-26,-0.0034465707105586774,0.5479663445709753
2021-08-27,0.006642082789110047,0.5582480651863717
2021-08-30,0.001340110142332636,0.5603362892227983
2021-08-31,-0.002564439261186208,0.5563349015820618
2021-09-01,-0.0005090675604745082,0.555542621970432
2021-09-02,0.006877704137427363,0.5662411838975026
2021-09-03,-0.0007003837304724402,0.5651442140543048
2021-09-07,-0.009579879270023992,0.550150321443488
2021-09-08,-0.0006021635161186762,0.5492168774754151
2021-09-09,-0.008289496888835193,0.5363746489894516
2021-09-10,-0.007265584288487687,0.5252119894785232
2021-09-13,0.00044775121626296254,0.5258949050018713
2021-09-14,-0.005764144137642652,0.517099426830546
2021-09-15,0.006756964779433925,0.5273504142245393
2021-09-16,-0.0011344121255838701,0.5256177693946276
2021-09-17,-0.00794161437051779,0.513501901393286
2021-09-20,-0.017609755256853536,0.4868495033289679
2021-09-21,-0.0019953257776483407,0.48388275418749194
2021-09-22,0.014646718498092192,0.50561676717225
2021-09-23,0.014594830428512779,0.5275909885794547
2021-09-24,0.0013965343677388494,0.5297243218948542
2021-09-27,0.0007869006889675242,0.5309280630176838
2021-09-28,-0.01324500138340954,0.510650918705114
2021-09-29,0.003510808967378518,0.5159545254970825
2021-09-30,-0.014206505447769047,0.4944181092720381
2021-10-01,0.012471148292188143,0.5130552191233013
2021-10-04,-0.011624759277934089,0.4954663164267712
2021-10-05,0.011916198094275101,0.5132865892966283
2021-10-06,0.0036052372357916456,0.5187423464567844
2021-10-07,0.005878015157245323,0.5276695369892077
2021-10-08,-0.0026139056715433345,0.5236763529222277
2021-10-11,-0.009835122683356115,0.508690809061509
2021-10-12,-0.0025552967869334805,0.5048356562846381
2021-10-13,0.0026321832709893314,0.5087966595246987
2021-10-14,0.01261974723080471,0.5278372919905829
2021-10-15,0.005145652862944915,0.5356990123262284
2021-10-18,0.001415166437932496,0.5378722820272386
2021-10-19,0.012695390266641456,0.5573961708278248
2021-10-20,0.005222645600218217,0.5655298990871955
2021-10-21,0.0009231827409005911,0.5669751692703968
2021-10-22,0.003185313897226141,0.5719664770536821
2021-10-25,0.0052728478882466965,0.5802552171726092
2021-10-26,-0.019690309065884103,0.5491395035435047
2021-10-27,-0.0026676561598932298,0.5450069320043429
2021-10-28,0.012669067002063439,0.5645807283445585
2021-10-29,0.0010659655425875598,0.5662485174895704
2021-11-01,0.006044654111852737,0.5757159480309972
2021-11-02,0.0008202886710843092,0.577008489972014
2021-11-03,0.003109619244430591,0.5819123859210615
2021-11-04,0.005359750780186264,0.5903910420656884
2021-11-05,0.007281716619045034,0.6019718189474785
2021-11-08,0.004715999748900629,0.6095267176433807
2021-11-09,-0.004672811494425794,0.6020057026965913
2021-11-10,-0.007080496712810126,0.590662706584745
2021-11-11,0.0009445192166436405,0.5921651180783127
2021-11-12,0.008208873138105078,0.6052349995475339
2021-11-15,0.0027996384930060484,0.6097290772425876
2021-11-16,0.002535149533637344,0.6138099811620419
2021-11-17,-0.005100698033742884,0.605578423764294
2021-11-18,-0.000796076655363191,0.6043002602627805
2021-11-19,-0.008950470871240273,0.5899410175145754
2021-11-22,-0.000801087646688304,0.5886673354064815
2021-11-23,0.00446436697225154,0.595759729388565
2021-11-24,0.005548920206950124,0.6046144727964065
2021-11-26,-0.018006314652538317,0.5757212797032174
2021-11-29,0.0008617364260233768,0.5770791361271976
2021-11-30,-0.020728619622807764,0.5443884625993507
2021-12-01,-0.014388243653521614,0.5221674251037836
2021-12-02,0.017809626528182035,0.5492766584582462
2021-12-03,-0.0048343138992065614,0.5417869687745454
2021-12-06,0.015437902259553193,0.5655889253035395
2021-12-07,0.01727128174060516,0.592628652722428
2021-12-08,0.0008533342746047065,0.5939876973385134
2021-12-09,-0.005708965190643402,0.5848876770600939
2021-12-10,0.0051257364687613514,0.5930113936252914
2021-12-13,-0.007007059575085412,0.5818490678863693
2021-12-14,-0.007307168652874589,0.570290229963931
2021-12-15,0.007573588524549157,0.5821829620297974
2021-12-16,-0.0010911616444380958,0.580456544667147
2021-12-17,-0.009240911988499533,0.5658516848362298
2021-12-20,-0.014337770797969628,0.5434008622754334
2021-12-21,0.02070020046387276,0.575349569520649
2021-12-22,0.006912792201316182,0.586239633739178
2021-12-23,0.0060818121558650386,0.5958868452257677
2021-12-27,0.008670500276898311,0.609723982559196
2021-12-28,0.0010230813359171761,0.6113708611217306
2021-12-29,-0.002037684799539621,0.6080873952116017
2021-12-30,-0.0037289306098114323,0.6020909489003452
2021-12-31,-0.0006347534359405983,0.6010740161658414
2022-01-03,-0.0004688434937619013,0.6003233630303308
2022-01-04,0.014086470349415264,0.622866270633134
2022-01-05,-0.014560637617486065,0.599236302964804
2022-01-06,-0.003059579280014534,0.5943433127084059
2022-01-07,-0.003807120841289319,0.5882734550544235
2022-01-10,-0.0016447963069171677,0.5856610687411754
2022-01-11,0.009455598370422496,0.600654442958807
2022-01-12,-0.00163224079658206,0.5980417894757792
2022-01-13,-0.006897962427477364,0.5870185572544366
2022-01-14,-0.0007246480403276208,0.5858685273669588
2022-01-18,-0.011401808211249684,0.5677867585696639
2022-01-19,-0.00810391034491468,0.5550815552382711
2022-01-20,-0.009715888462008933,0.5399725562982487
2022-01-21,-0.026361653970949164,0.4993763326443563
2022-01-24,0.006012891577817437,0.5083919199668925
2022-01-25,-0.005139003158218816,0.5006402891263508
2022-01-26,0.0011723582118109374,0.5023995770922822
2022-01-27,0.003228807090289865,0.5072505354992465
2022-01-28,0.01299955193451103,0.5268441171137883
2022-01-31,0.016778720330603243,0.5524626075432675
2022-02-01,0.00997503638161462,0.5679484785346081
2022-02-02,-0.004869969680329674,0.5603126169838255
2022-02-03,-0.004515793251448902,0.5532665677978994
2022-02-04,0.007174640345193351,0.5644106967820621
2022-02-07,0.002178192350383566,0.5678182841946511
2022-02-08,0.014059851233568626,0.5898615760316965
2022-02-09,0.010396911439771478,0.6063912260391937
2022-02-10,-0.010294895163217757,0.5898535967760072
2022-02-11,-0.008343171968909385,0.5765891748127159
2022-02-14,-0.006244986255359642,0.5667433970856617
2022-02-15,0.011533960465568033,0.5848141534873375
2022-02-16,0.0007186069234241213,0.5859530119103742
2022-02-17,-0.016991323305612618,0.5590055715374949
2022-02-18,-0.0073726313589755985,0.5475115981719598
2022-02-22,-0.012223614792892454,0.5285954125083725
2022-02-23,-0.018584100463362896,0.5001878417944812
2022-02-24,0.015255462772995498,0.5230739015674772
2022-02-25,0.019915393493463256,0.5534065176368179
2022-02-28,0.00874095083222175,0.5669847676299342
2022-03-01,-0.004470596039386269,0.5599794117339891
2022-03-02,0.01695802732852998,0.5864335852301181
2022-03-03,-0.007333219421344317,0.5747999196522358
2022-03-04,-0.004191175129914835,0.5681996573943975
2022-03-07,-0.02556150267716264,0.5281141176535851
2022-03-08,-0.013065027367914737,0.5081492648851442
2022-03-09,0.026169771670900056,0.5476171867928241
2022-03-10,-0.003336049343755616,0.5424542594924389
2022-03-11,-0.009037867911725976,0.5285137616352671
2022-03-14,-0.0010621007229943153,0.5268903260639275
2022-03-15,0.015461767332080717,0.5504987490271327
2022-03-16,0.011005393149426978,0.5675625973378708
2022-03-17,0.017883000822751828,0.5955953205557789
2022-03-18,0.009886145471518419,0.6113696080084674
2022-03-21,0.0021579863334306015,0.6148469216006551
2022-03-22,0.00982349618515773,0.630710364174613
2022-03-23,-0.007866817610822453,0.6178818631635736
2022-03-24,0.00925805111907373,0.6328602961573642
2022-03-25,0.0028536903458680554,0.6375199738206596
2022-03-28,0.0016635084933382875,0.6402440022051215
2022-03-29,0.0022704048356630866,0.6439680201193951
2022-03-30,-0.0009112789134951956,0.6424699067281998
2022-03-31,-0.010332413105974339,0.625499229137753
2022-04-01,0.006968466680873548,0.6368264663557852
2022-04-04,0.007837107188209094,0.6496544508211131
2022-04-05,-0.011446251376463169,0.6307720912927133
2022-04-06,-0.006215700053957696,0.6206357011168726
2022-04-07,0.004364602610210179,0.6277091319281671
2022-04-08,-0.00146316444819493,0.6253275257943276
2022-04-11,-0.010037638638435278,0.6090130754213019
2022-04-12,-0.0010629831990709268,0.6073027215550435
2022-04-13,0.010843866663252218,0.6247320979550688
2022-04-14,-0.006681815676211497,0.6138759375533085
2022-04-18,-0.0023284278517533403,0.6101181438710348
2022-04-19,0.01198687119961224,0.6294184226777757
2022-04-20,-0.01951980915107466,0.5976124860398604
2022-04-21,-0.020820926206825758,0.5643487143609209
2022-04-22,-0.02288775508191908,0.5285442841239132
2022-04-25,-0.004606023550748899,0.5215037731528758
2022-04-26,-0.023828995787441964,0.4852478661518387
2022-04-27,0.004530549359337065,0.49197685492028964
2022-04-28,0.01703777374284912,0.517396819003989
2022-04-29,-0.033428561360053274,0.4666724263323645
2022-05-02,0.009536405941132406,0.48065920997253575
2022-05-03,0.006394420205367598,0.49012716714204774
2022-05-04,0.02756381824915828,0.5312007615452841
2022-05-05,-0.03186842779207127,0.4824038006408138
2022-05-06,-0.008515628579041075,0.4697802004703977
2022-05-09,-0.03401568717617006,0.419784616953468
2022-05-10,0.00311756655611944,0.42421088999217504
2022-05-11,-0.010857783804624113,0.40874711605644864
2022-05-12,-0.0011103560811842037,0.4071829051292848
2022-05-13,0.021308478948031843,0.43716783243926227
2022-05-16,-0.0029212187804711193,0.4329695507764517
2022-05-17,0.019271323817506954,0.4605847710100921
2022-05-18,-0.037310993778043255,0.4060889017066298
2022-05-19,-0.002105938648075245,0.4031277647458962
2022-05-20,-0.01679783642427556,0.37955825407133514
2022-05-23,0.027660797435452123,0.4177179354876084
2022-05-24,-0.0019343284883962526,0.4149756032964844
2022-05-25,0.01246884010573366,0.4326187078475021
2022-05-26,0.01487661462564072,0.4539312242696327
2022-05-27,0.022004934489118055,0.48592488561136915
2022-05-31,-0.006305010542239916,0.47655611354261285
2022-06-01,-0.006738899837092182,0.466605749789603
2022-06-02,0.023205765399499614,0.5006394587527778
2022-06-03,-0.009877135143489917,0.4858174400170232
2022-06-06,-0.00024095323387855283,0.485459427499898
2022-06-07,0.013794022078807153,0.5059498876400037
2022-06-08,-0.014530273725223659,0.48406802355612477
2022-06-09,-0.024890460757156046,0.44712888665485084
2022-06-10,-0.028583129647019662,0.405765414071648
2022-06-13,-0.03708552407431792,0.3536318669652503
2022-06-14,-0.0024309394505424064,0.350341269858333
2022-06-15,0.014951551658550295,0.3705309671112924
2022-06-16,-0.02850669197256247,0.3314616629929925
2022-06-17,0.005624367850350555,0.3389502931643045
2022-06-21,0.024488263720170194,0.3717388610515111
2022-06-22,-0.0049884351990008196,0.3648960306332045
2022-06-23,-0.0016612635698362343,0.3626285785808996
2022-06-24,0.031427418072085656,0.4054524765969334
2022-06-27,-0.000696595602101808,0.4044734445827729
2022-06-28,-0.018312173638247997,0.37875448299526493
2022-06-29,-0.0018131354855410089,0.3762546143162975
2022-06-30,-0.005019208900211361,0.36934690490716426
2022-07-01,0.013676086636046423,0.38807421181347657
2022-07-05,-0.0071695996968286265,0.3781222753652831
2022-07-06,0.0032326081039489147,0.3825772046008613
2022-07-07,0.016214499576179913,0.40499500209889794
2022-07-08,-0.002994136117988892,0.40078825581751976
2022-07-11,-0.012600974665179778,0.383136958494682
2022-07-12,-0.010960704556514943,0.367976802931425
2022-07-13,-0.0041210870490612115,0.3623392514454482
2022-07-14,-0.008428674038001788,0.35085653796583927
2022-07-15,0.017699057435941606,0.37476542541901403
2022-07-18,-0.00990547553040867,0.3611477201374742
2022-07-19,0.02795320655884563,0.39919616351557896
2022-07-20,0.012976332872200756,0.41735259868686336
2022-07-21,0.005733473016370312,0.4254789515661168
2022-07-22,-0.00935638000867251,0.4121416288009001
2022-07-25,0.008936584947845314,0.42476135242506796
2022-07-26,-0.0104708192177138,0.4098429338754397
2022-07-27,0.025952595381526458,0.4464320170898133
2022-07-28,0.011898920180385329,0.4636429962075188
2022-07-29,0.016520352937793106,0.48782289507979604
2022-08-01,-0.000846203512841732,0.4865638941194932
2022-08-02,-0.004760880799255905,0.47948654061911267
2022-08-03,0.013740653019814498,0.49981565182124554
2022-08-04,0.0008132582557595058,0.5010353892822064
2022-08-05,0.0033591181967903084,0.5060775445723704
2022-08-08,-0.00037925119363490097,0.5055063628658847
2022-08-09,0.00026988079343240345,0.5059126701176127
2022-08-10,0.020095998552818177,0.5361754889569668
2022-08-11,0.002717959745623893,0.5403507520981661
2022-08-12,0.016233651781359573,0.565356269828883
2022-08-15,0.002757459216630964,0.5696726759024338
2022-08-16,0.0016567736736961627,0.572273268268189
2022-08-17,-0.007174792316323542,0.5609925341038575
2022-08-18,0.003986707369883746,0.5672157545439029
2022-08-19,-0.010083147694031385,0.551413286622424
2022-08-22,-0.01836116464810697,0.5229275318294888
2022-08-23,-0.00017314429776180406,0.5226638456114481
2022-08-24,0.006306361201537237,0.5322663138103956
2022-08-25,0.01567154258859941,0.5562792906043514
2022-08-26,-0.02862784179805792,0.5117263732793362
2022-08-29,-0.0010473484078003478,0.5101430690692523
2022-08-30,-0.01218624276056376,0.4917400990263916
2022-08-31,-0.006380914932699354,0.4822214323528078
2022-09-01,-0.00021965525103540044,0.48189585463199425
2022-09-02,-0.008210684221749927,0.4697284757200906
2022-09-06,-0.006605323242984164,0.4600204440585409
2022-09-07,0.019681769617817747,0.48875623007580504
2022-09-08,0.006724278861537595,0.4987670421236863
2022-09-09,0.012419925480710659,0.5173816170998076
2022-09-12,0.006847006779503194,0.5277711393191835
2022-09-13,-0.03984119638652467,0.46690290932390344
2022-09-14,0.00758561672353352,0.4780302725646708
2022-09-15,-0.004186729257041719,0.4718421599797311
2022-09-16,-0.006788881344527655,0.4618499981977553
2022-09-19,0.01035215127514761,0.4769832905206728
2022-09-20,-0.007625398421628954,0.4657207044683642
2022-09-21,-0.013152666572848875,0.4464425687535707
2022-09-22,-0.008310662584839578,0.43442167261631104
2022-09-23,-0.02340584205738057,0.40084782550336984
2022-09-26,-0.009380736958219213,0.3877068405338293
2022-09-27,-0.0030088347235815846,0.38353146000587945
2022-09-28,0.0230475597297014,0.41541848396828573
2022-09-29,-0.018182981816307564,0.38968195541182493
2022-09-30,-0.0131564228368592,0.3713987119976736
2022-10-03,0.02839723443842294,0.41034264273082277
2022-10-04,0.03133301398895351,0.4545329284847255
2022-10-05,-0.006311029743774389,0.445353327909759
2022-10-06,-0.008513702352207667,0.43304801988216246
2022-10-07,-0.019101135036328168,0.4056751761408506
2022-10-10,0.00012231970564822292,0.405847117914633
2022-10-11,-0.007666380358252566,0.39506935918314645
2022-10-12,-0.004855714348066778,0.3882953008792125
2022-10-13,0.02515539647140328,0.4232184195922153
2022-10-14,-0.02325740574202847,0.3901180513482305
2022-10-17,0.02791378937326183,0.42892151383753396
2022-10-18,0.02235006520494907,0.46085800284455747
2022-10-19,0.006785797991822246,0.47077109014659757
2022-10-20,-0.004785366898992857,0.46373291085581436
2022-10-21,0.02902410709396585,0.5062164516174559
2022-10-24,0.008777526411392862,0.5194373063028026
2022-10-25,0.019372611044183665,0.5488727742438289
2022-10-26,-0.003685376934442012,0.5431645942472454
2022-10-27,0.00313015583015885,0.5479949398988231
2022-10-28,0.024113060019412602,0.5853218347943505
2022-10-31,-0.0039216948285728465,0.5791046863532139
2022-11-01,-0.002296666895409825,0.5754780088956799
2022-11-02,-0.018644277960261548,0.5461043589775494
2022-11-03,0.0007569624123588466,0.5472747018628796
2022-11-04,0.005742855980196089,0.5561604776374791
2022-11-07,0.010205979188355734,0.5720426190859891
2022-11-08,0.00739720091894227,0.5836713341925084
2022-11-09,-0.01901578774581874,0.5535565762423662
2022-11-10,0.04292152675754549,0.6202375963989137
2022-11-11,-0.0042899946311313625,0.6132867858092053
2022-11-14,-0.007264741850688342,0.6015666737791745
2022-11-15,0.009658090911532087,0.6170347503154137
2022-11-16,-0.004279296421851417,0.6101149792943794
2022-11-17,0.000707637866697135,0.6112543576234641
2022-11-18,0.0029062202504936433,0.6159370176662857
2022-11-21,0.00021622850085707343,0.6162864293050951
2022-11-22,0.009172589222296381,0.6311119607866831
2022-11-23,0.011152968007774607,0.6493037003024356
2022-11-25,0.0022233814762698543,0.6529707315984312
2022-11-28,-0.012303852167405559,0.6326328240797958
2022-11-29,5.244428611528133e-05,0.6327184463427429
2022-11-30,0.025804647746040885,0.6748501707190806
2022-12-01,0.0017415073328173978,0.6777669345727582
2022-12-02,0.004299895147881934,0.6849811564740043
2022-12-05,-0.018165650376039993,0.6543723778952819
2022-12-06,-0.009928148757773191,0.6379475228267866
2022-12-07,-0.000795612720903553,0.636644350941453
2022-12-08,0.006163556260637278,0.6467319004771348
2022-12-09,-0.0065809996051657115,0.635894758490281
2022-12-12,0.010826421358695052,0.6536056444441773
2022-12-13,0.003006021387922138,0.6585764183785654
2022-12-14,-0.0007111480526204111,0.6573969249885134
2022-12-15,-0.024982261222235343,0.6159914020595207
2022-12-16,-0.0014035178804848929,0.6137233292320203
2022-12-19,-0.003628272742940696,0.6078683008619203
2022-12-20,0.003979437135919349,0.6142667116880378
2022-12-21,0.014513166412613134,0.6376948331091083
2022-12-22,-0.014346962861152363,0.6141988861605909
2022-12-23,0.0046547563074352495,0.621712588607402
2022-12-27,-0.0021117814934736136,0.6182878859750478
2022-12-28,-0.011073386584118099,0.600367958609251
2022-12-29,0.01015180537387064,0.6166145826516309
2022-12-30,0.0003449638446049314,0.6171722562333068
2023-01-03,-0.006137286055249667,0.6072472074961897
2023-01-04,0.0025695096659069765,0.6113770447313533
2023-01-05,-0.009152749747653828,0.5966285138918133
2023-01-06,0.017938385322328894,0.6252694513906221
2023-01-09,-0.003643140165043723,0.6193483669732422
2023-01-10,0.010469014836182953,0.636301349052034
2023-01-11,0.005415564290308707,0.6451628442061441
2023-01-12,0.005848218942489919,0.6547841167151112
2023-01-13,0.0021305931804874783,0.6583097884693636
2023-01-17,-0.0025980612726473526,0.6540013980298893
2023-01-18,-0.01678384244720021,0.6262408991579067
2023-01-19,-0.015621396461081061,0.600836745330936
2023-01-20,0.01677750870326085,0.6276947977582257
2023-01-23,0.007559148364464311,0.6399987842265469
2023-01-24,0.008314783883562752,0.653635019686696
2023-01-25,0.0010390833648189015,0.6553532843271344
2023-01-26,0.01332780706852068,0.6774155135308886
2023-01-27,-0.0018162075652308487,0.6743689787851783
2023-01-30,-0.008268263830039778,0.6605248543197482
2023-01-31,0.012619322593463645,0.6814795531308733
2023-02-01,0.00856089517547742,0.6958745233249353
2023-02-02,-0.00493014510858081,0.6875136158389981
2023-02-03,-0.0045201423804254615,0.6798858140264992
2023-02-06,-0.0016361801111942987,0.6771372182685116
2023-02-07,0.008340510874740371,0.6911253994759119
2023-02-08,-0.0021848209487295633,0.6874305932762084
2023-02-09,-0.005819967682692199,0.6776098017565546
2023-02-10,0.003723776949285104,0.6838568464662302
2023-02-13,0.011152094384722732,0.7026353769483833
2023-02-14,0.0005345458885588355,0.7035455136888458
2023-02-15,0.0036598734044012565,0.7097802746075828
2023-02-16,-0.014736569479568504,0.6845839787960324
2023-02-17,0.011360577191760913,0.7037218251231483
2023-02-21,-0.015977680877884433,0.6765003014966438
2023-02-22,-0.0009280912774246241,0.6749443561902249
2023-02-23,-0.000985016104778211,0.6732945090247702
2023-02-24,-0.009415889445204561,0.6575389529185252
2023-02-27,0.004397664622912386,0.6648282533328744
2023-02-28,-0.005109439748032468,0.656321913681648
2023-03-01,-0.003673100209006862,0.6502380773143213
2023-03-02,0.00510831256038591,0.6586680092122932
2023-03-03,0.01381973239730705,0.681590357235581
2023-03-06,-0.000652774469838397,0.6804926579816513
2023-03-07,-0.013640427346862537,0.6575700199735166
2023-03-08,0.0008090668315678576,0.6589111048976786
2023-03-09,-0.016840151518316342,0.6309747905357841
2023-03-10,-0.017276122568113214,0.6027978701489851
2023-03-13,0.0002444377106405798,0.6031896543909838
2023-03-14,0.017500792170764293,0.6312467433428
2023-03-15,-0.012351579255566663,0.6110982699070164
2023-03-16,0.010778360959430671,0.6284632686011886
2023-03-17,-0.012783406763239613,0.6076459602396649
2023-03-20,0.012043318013363382,0.6270073517917303
2023-03-21,0.011096344148517599,0.6450611852993797
2023-03-22,-0.018014185913125823,0.6154267472689294
2023-03-23,0.004157276297127333,0.6221425225950961
2023-03-24,0.002454791975791151,0.6261245450431521
2023-03-27,0.006164767083193449,0.6361492241116071
2023-03-28,2.141085637728129e-05,0.6361842554676562
2023-03-29,0.013139882319891232,0.65768352403816
2023-03-30,0.0058457935780873325,0.6673739997374835
2023-03-31,0.013953502690074865,0.6906397073281811
2023-04-03,0.007205650880726533,0.7028218668242818
2023-04-04,-0.01469075992121745,0.677806119590167
2023-04-05,-0.012125685565891593,0.657461570143488
2023-04-06,-0.0003459483043574234,0.6568881741237593
2023-04-10,0.006367451854713985,0.667438329801137
2023-04-11,-0.0012307580700152234,0.6653861166204815
2023-04-12,0.0007285252412465912,0.666599392442861
2023-04-13,0.009838633220464634,0.6829964525905556
2023-04-14,5.942158314255105e-05,0.6830964589041921
2023-04-17,0.005190760018401317,0.6918330087101849
2023-04-18,0.007310352874882982,0.7042009050092315
2023-04-19,-0.008435024887096807,0.6898259279628658
2023-04-20,-0.0074238282719362,0.6772809504642041
2023-04-21,-0.0034749847913378264,0.6714524246705404
2023-04-24,-0.00035160155709113965,0.6708647393954226
2023-04-25,-0.02004235412456612,0.6373766765942086
2023-04-26,-0.002471624443491226,0.633329696377136
2023-04-27,0.008853070793582217,0.6477896798084228
2023-04-28,0.0023868744806131606,0.6517227469445754
2023-05-01,0.0007481115844975223,0.6529584198659428
2023-05-02,-0.012013772777858173,0.6331001529984259
2023-05-03,-0.003952655973556092,0.6266450699232613
2023-05-04,-0.0021529951214070385,0.6231429110234559
2023-05-05,0.017058458801693,0.6508312275004098
2023-05-08,-0.0004347901146852723,0.6501134624016789
2023-05-09,-0.003557922300510657,0.6442424869154271
2023-05-10,0.005245338813261097,0.6528670958504577
2023-05-11,-0.0025443450195417956,0.6486616316871661
2023-05-12,-0.001266374802737562,0.6465738081385572
2023-05-15,0.0006546417223192385,0.6476517240522428
2023-05-16,-0.010244435507642952,0.6307724622261328
2023-05-17,0.01407422280271042,0.653724317200028
2023-05-18,0.00903561081220153,0.6686667265209212
2023-05-19,-0.004318337082805579,0.6614608611169421
2023-05-22,0.0009723152307319432,0.6630763248174711
2023-05-23,-0.007425258760182827,0.6507275527677676
2023-05-24,-0.0063883602039174975,0.6401821105621559
2023-05-25,0.00010064851313868048,0.6403471924528608
2023-05-26,0.010920592088944867,0.6582607550258843
2023-05-30,-0.0014841942224132051,0.6557995739940203
2023-05-31,-0.004629308281426397,0.6481343673137476
2023-06-01,0.011565578794287648,0.6671959952024882
2023-06-02,0.01717050079437583,0.6958225853624929
2023-06-05,-0.004144374116392173,0.6887944621337234
2023-06-06,0.0020321188472111062,0.6922262931892909
2023-06-07,0.0011614483905784245,0.6941917266940101
2023-06-08,0.007146994330731937,0.706300105359865
2023-06-09,0.0018953179677783595,0.7095340866079756
2023-06-12,0.005632681480260947,0.7191633475974872
2023-06-13,0.006436481428160322,0.7302287105562724
2023-06-14,-0.0020962015380761364,0.7266018024719809
2023-06-15,0.015120280715620977,0.7527085064094545
2023-06-16,-0.006235633195579486,0.7417792590647132
2023-06-20,-0.006293588407348351,0.7308172173117036
2023-06-21,0.0007222133839834461,0.732067236671275
2023-06-22,-0.0013499280804753705,0.7297290704712212
2023-06-23,-0.009970451573544615,0.7124828905387355
2023-06-26,-0.0004274003749247695,0.711750974709267
2023-06-27,0.00663135751855229,0.7231022074052946
2023-06-28,0.00026849379723173177,0.7235648496599791
2023-06-29,0.006298640491141185,0.7344209650111551
2023-06-30,0.012046399490620951,0.7553144928405879
2023-07-03,0.002798422602978478,0.7602266045926886
2023-07-05,-0.0015644641285080874,0.7574727932117578
2023-07-06,-0.006124171780581155,0.7467097279264312
2023-07-07,5.96447472953894e-05,0.7468139099867517
2023-07-10,0.004708039713294822,0.755037979246705
2023-07-11,0.01035647547838521,0.7732139870424082
2023-07-12,3.070770486093892e-05,0.7732684383741775
2023-07-13,0.006431399570195377,0.7846730362465784
2023-07-14,-0.002361879748279737,0.7804578531449666
2023-07-17,0.008005706543306153,0.79471167622997
2023-07-18,0.00929590272387274,0.8113951413896026
2023-07-19,0.0015052945288616516,0.8141218245855428
2023-07-20,-0.002501594720937621,0.8095836270060219
2023-07-21,-0.0027952730092671695,0.8045253467354401
2023-07-24,0.007305388578313075,0.8177081055927575
2023-07-25,0.005143813262560894,0.8270580566537702
2023-07-26,-0.006024901167557937,0.8160502124350408
2023-07-27,-0.0073801241788301435,0.8026475363522794
2023-07-28,0.00872896955882108,0.8183827918223823
2023-07-31,0.003554904005786078,0.8248469680930841
2023-08-01,0.0032582799973698146,0.8307928304674825
2023-08-02,-0.010158387638522962,0.8121949272097653
2023-08-03,-0.0006135776093062539,0.811083004978731
2023-08-04,-0.003904783930527019,0.8040111171640394
2023-08-07,0.010901933068677608,0.8236783256185123
2023-08-08,-0.009256488009953889,0.8067974690634117
2023-08-09,-0.0010691553340890694,0.8048657219117439
2023-08-10,0.000557852214319867,0.8058725702512626
2023-08-11,0.001418448817592452,0.808434108063258
2023-08-14,0.002023432304377662,0.8120933520578517
2023-08-15,-0.012816986269301472,0.7888677764458336
2023-08-16,-0.005194665049708804,0.7795752075289801
2023-08-17,-0.006567669220281645,0.7678875462133157
2023-08-18,-0.0025194442838768565,0.7634334520404715
2023-08-21,0.0022577508085610183,0.7674148453426595
2023-08-22,-0.0038358077635469575,0.760635381757486
2023-08-23,0.011339765321240003,0.7806005738028876
2023-08-24,-0.014651121262369497,0.7545127788762569
2023-08-25,0.006171599408393073,0.7653409289043878
2023-08-28,0.006139993208081569,0.7761801102178092
2023-08-29,0.00995476069149041,0.7938615581600126
2023-08-30,0.006716239115536221,0.8059095613247835
2023-08-31,-0.0037403091121972812,0.7991549013367563
2023-09-01,0.006649813363725226,0.811118945643077
2023-09-05,-0.0041583883283887995,0.8035876097581911
2023-09-06,-0.011138753601947899,0.7834978917735684
2023-09-07,-0.0012834584811356547,0.781208846278284
2023-09-08,-0.003886264473538416,0.7742865976190403
2023-09-11,0.004174512303420202,0.7816933788505946
2023-09-12,-0.006307765193246639,0.770454875370443
2023-09-13,-0.0010722362577627789,0.768556529460338
2023-09-14,0.008719402183059562,0.7839772851241789
2023-09-15,-0.009041117208205919,0.7678481373925943
2023-09-18,0.0012517998000778042,0.7700611293375503
2023-09-19,-0.005201113065227684,0.7608548412715013
2023-09-20,-0.004340916988130949,0.7532111165773931
2023-09-21,-0.01639464104845083,0.7244678496389532
2023-09-22,-0.006858221669241532,0.712641066864649
2023-09-25,0.004206061796229101,0.7198445410266416
2023-09-26,-0.011302361967689346,0.700406235495804
2023-09-27,0.002819887967667692,0.705201190579426
2023-09-28,0.0047181921166092305,0.7132466573940506
2023-09-29,-0.005247371213895016,0.7042566162017392
2023-10-02,-0.0028716544606277017,0.6993625800877692
2023-10-03,-0.011063857988347444,0.6805610738309664
2023-10-04,0.0017472047868053726,0.6834973581836827
2023-10-05,-0.004876390185136745,0.6752879681895321
2023-10-06,0.014598528736491832,0.699744707735046
2023-10-09,0.017436714820215436,0.7293826714709926
2023-10-10,0.004620939757781584,0.7373740446140116
2023-10-11,-0.0005726315493567222,0.7363791694230322
2023-10-12,-0.008383273586721524,0.7218226277954747
2023-10-13,-0.0011692389257939213,0.7198094057557434
2023-10-16,0.009569730623353992,0.7362675184923364
2023-10-17,-0.0006282927100456826,0.7351766342677786
2023-10-18,-0.012088778207304838,0.7142004687856178
2023-10-19,0.004700473311060839,0.7222580223389528
2023-10-20,-0.011652915598609589,0.7021886949656087
2023-10-23,-0.0020612935135253963,0.6986799844498799
2023-10-24,0.004671916896493645,0.706616076170967
2023-10-25,-0.004299578876220729,0.6992783457400438
2023-10-26,-0.0030466668019512463,0.694101210816803
2023-10-27,-0.012502809732880387,0.6729201857097182
2023-10-30,0.011957527503402175,0.6929241748413386
2023-10-31,0.004676867453913958,0.7008417568165981
2023-11-01,0.0055755744676008944,0.7103249266893343
2023-11-02,0.014562509558215897,0.7352315497819024
2023-11-03,0.008624090577508816,0.7501963438401724
2023-11-06,-0.0018047942772226528,0.7470375994947935
2023-11-07,0.005928104213410854,0.757394220449346
2023-11-08,-0.0023323512820813226,0.7532953597861587
2023-11-09,-0.0025572116673432876,0.7488118124358147
2023-11-10,0.013678443057724317,0.7727328352308938
2023-11-13,-0.0019443980459827263,0.7692859369700216
2023-11-14,0.01348217890376094,0.7931397665041597
2023-11-15,0.0062233478291839,0.804299098977457
2023-11-16,-0.0008561322632320606,0.8027543803063018
2023-11-17,0.0012226339959818028,0.8049584890980692
2023-11-20,0.0036228903035657807,0.8114976557065614
2023-11-21,0.0016102352782840724,0.8144145931383091
2023-11-22,-0.0005016569122139602,0.8135043795160395
2023-11-24,0.0026463951097278004,0.8183036286374605
2023-11-27,-0.006838275880588995,0.8058695667901616
2023-11-28,0.00038326457584584705,0.8065616926237105
2023-11-29,0.0015203452419132284,0.8093082900973136
2023-11-30,0.0066800133767647325,0.8213944936778552
2023-12-01,0.006007732306184401,0.8323369442198301
2023-12-04,-0.002220863274294259,0.8282675743942796
2023-12-05,-0.004432162591342529,0.8201643952440847
2023-12-06,-0.0011259444783941123,0.8181149911934902
2023-12-07,0.0016075402960444428,0.8210376843046763
2023-12-08,0.0048296587996597175,0.8298326749811902
2023-12-11,0.004759070113174399,0.8385409769768031
2023-12-12,0.001976380526725657,0.8421746335612872
2023-12-13,0.016662877488898827,0.8728705637934759
2023-12-14,0.004458268468910535,0.881220323574387
2023-12-15,-0.0015708009781886065,0.8782653008499279
2023-12-18,0.0039028998329774813,0.8855959821789026
2023-12-19,0.01033367402286866,0.90508111639757
2023-12-20,-0.01291804411915635,0.8804711944853747
2023-12-21,0.009114200289816188,0.8976101855911442
2023-12-22,0.0026615220712912177,0.9026607169828018
2023-12-26,0.005684808110678092,0.9134769780585743
2023-12-27,0.0013979453595611142,0.9161519143206784
2023-12-28,0.0022609369653793076,0.9204842130150481
2023-12-29,-0.0004157116605040626,0.9196858453338839
2024-01-02,-0.004131739964739789,0.9117542026069725
2024-01-03,-0.006845569870994555,0.8986671556368588
2024-01-04,0.0004556783156072929,0.8995323370882384
2024-01-05,0.0009994838080444814,0.9014308889020151
2024-01-08,0.006124867567365503,0.9130769012850379
2024-01-09,-0.00507843804203207,0.9033614587722192
2024-01-10,0.001517767876951989,0.9062503196525722
2024-01-11,-0.0010509009590931651,0.9042470393633775
2024-01-12,0.0015227131836313852,0.9071466614351069
2024-01-16,-0.007219653729092172,0.8933777229289512
2024-01-17,-0.003858010683376809,0.8860730514462238
2024-01-18,0.005811839133357728,0.8970346046149904
2024-01-19,0.005859555820154167,0.908150384773496
2024-01-22,0.003101324423011123,0.9140681781645721
2024-01-23,-0.0037041324588608796,0.9069782160973598
2024-01-24,0.0013190525819650708,0.9094936206370543
2024-01-25,0.005792380718715443,0.9205541346677426
2024-01-26,0.0010347106865219995,0.9225413525549275
2024-01-29,0.006224974472019291,0.9345091233959835
2024-01-30,0.0041956695532809445,0.9426256844255603
2024-01-31,-0.009561922443607151,0.9240504482941236
2024-02-01,0.009391504489618945,0.9421201767175311
2024-02-02,0.003975377107738938,0.9498408368085318
2024-02-05,-0.00908986746743643,0.932117042019347
2024-02-06,0.002704046083123635,0.9373415755389558
2024-02-07,0.0049181312591538556,0.946869675701272
2024-02-08,-0.001407125592886944,0.9441301855545774
2024-02-09,0.0027657572263928673,0.9495071776643234
2024-02-12,0.002648314366175748,0.9546700855298944
2024-02-13,-0.013858080271053657,0.9275821105811939
2024-02-14,0.007013155717777491,0.9411005440815019
2024-02-15,0.0009925382622935457,0.9430271606424616
2024-02-16,-0.005246177013534409,0.9328336962156263
2024-02-20,-0.0022790047080794677,0.9284287591220162
2024-02-21,0.003467718241650255,0.9351160067077466
2024-02-22,0.009334518421489139,0.9531793827200787
2024-02-23,0.0036522307465106704,0.9603128445150999
2024-02-26,-0.002587212565366412,0.9552410984917212
2024-02-27,0.0009208324630359103,0.9570415479682743
2024-02-28,0.002355518431126473,0.9616513954049941
2024-02-29,0.002162881916282489,0.9658942157341659
2024-03-01,0.0028318325246933615,0.9714612989143887
2024-03-04,-0.0004843088899825443,0.970506502681068
2024-03-05,-0.006393621977786873,0.9579078289981542
2024-03-06,0.003226482580557754,0.9642249845027542
2024-03-07,0.004392734531836839,0.972853303420476
2024-03-08,-0.0014513007481843478,0.969990099945164
2024-03-11,0.0030037081368618594,0.9759073752379068
2024-03-12,0.0038318384424137317,0.9834787330769921
2024-03-13,0.003142567757684529,0.9897119493916129
2024-03-14,7.850670932138732e-05,0.9898681551292572
2024-03-15,-0.002820517497498057,0.9842556971800009
2024-03-18,0.003963246581806277,0.9921197917892792
2024-03-19,0.00719814413865569,1.0064593571920475
2024-03-20,0.007556718164857657,1.0216216050635891
2024-03-21,0.005880720705383219,1.0335101970949365
2024-03-22,-0.0018571884925060234,1.0297335853574983
2024-03-25,-0.0030236510245540034,1.0235963793225604
2024-03-26,-7.420706192884485e-05,1.023446214180721
2024-03-27,0.012137697011015492,1.0480061912465328
2024-03-28,0.0006233303279795118,1.0492827756174266
2024-04-01,-0.004393035252351021,1.0402802041421033
2024-04-02,-0.004241937858981459,1.0316254623012227
2024-04-03,0.0011871737028797342,1.0340373546241675
2024-04-04,-0.003940986170864024,1.0260212415385728
2024-04-05,0.010735680166271539,1.0477719575978033
2024-04-08,-0.0018214998675397142,1.0440419412482873
2024-04-09,-0.0010434231387731693,1.0419091405901661
2024-04-10,-0.004898248262378538,1.0319073626903355
2024-04-11,0.0032965047403233365,1.038605554943342
2024-04-12,-0.01835366474892259,1.0011896720326203
2024-04-15,-0.007520208282700378,0.9861403088857461
2024-04-16,0.000638287272265158,0.9874080369658409
2024-04-17,-0.001635900927081624,0.984156834315679
2024-04-18,0.00016853791714372096,0.984491239975821
2024-04-19,-0.001098597874804815,0.9823110821170147
2024-04-22,0.004575076139061164,0.991380306249005
2024-04-23,0.0034399019152388513,0.9982304591784399
2024-04-24,-0.003781859006985115,0.9906734333183638
2024-04-25,-0.0026262134674190775,0.9854454999385496
2024-04-26,0.0014083116867532753,0.988241626039525
2024-04-29,0.006080307974826474,1.000330747454215
2024-04-30,-0.016484669703965303,0.9673559557837461
2024-05-01,0.0010085022186180608,0.9693400386299655
2024-05-02,0.008609169101325889,0.9862944200405426
2024-05-03,0.005588013266108214,0.9973938596101257
2024-05-06,0.00718542451231828,1.0117459824097224
2024-05-07,-0.000688090363590321,1.0103617193852346
2024-05-08,0.004476493800428345,1.019361091158681
2024-05-09,0.007669927226589913,1.0348494437720754
2024-05-10,0.0028072847991694677,1.040561845684175
2024-05-13,0.0012342804729723812,1.0430804713241955
2024-05-14,0.0018043066631482688,1.0467668150319538
2024-05-15,0.002626668486314362,1.052142992923832
2024-05-16,-0.004832920002771467,1.042225150004783
2024-05-17,0.004410408561918685,1.0512321972917298
2024-05-20,-0.001040791007747715,1.0490972932659859
2024-05-21,0.002273560335694987,1.0537560395959353
2024-05-22,-0.0016012408479790918,1.0504674815335506
2024-05-23,-0.01110773621838123,1.0276914296243076
2024-05-24,0.004445736755116626,1.0367060119410234
2024-05-28,-0.0053297174585304405,1.0258509443512875
2024-05-29,-0.006978039393552186,1.0117144766561394
2024-05-30,3.7976000163002536e-05,1.0117908735254328
2024-05-31,0.011840494950304602,1.0356114732044794
2024-06-03,-0.005391810466938741,1.024635841956635
2024-06-04,0.0024483542461136354,1.029592867717123
2024-06-05,0.0034685918782277,1.0366326970541957
2024-06-06,-0.000753987702941675,1.0350971010452081
2024-06-07,-0.001654968814508707,1.0317290788084814
2024-06-10,0.0013000208842162857,1.0343703690420019
2024-06-11,-0.0028977225378320035,1.028475328173331
2024-06-12,0.0009356461439421213,1.0303732632922178
2024-06-13,0.0027774947141737953,1.0360126142988118
2024-06-14,-0.0011445110343872005,1.0336823753955953
2024-06-17,0.005407485538602354,1.0446794834306576
2024-06-18,0.002366775153199308,1.0495187800282975
2024-06-20,0.0021969724864616394,1.0540215163985063
2024-06-21,-0.00021213340083447725,1.0535857898288454
2024-06-24,0.00580198873198097,1.0655006714415887
2024-06-25,-0.005548098598250368,1.0540410700616785
2024-06-26,0.003025216156132258,1.0602549882921881
2024-06-27,0.004507865215901021,1.069542340089797
2024-06-28,-0.0008547655657672819,1.067773366560591
2024-07-01,-0.0002665278770987282,1.0672222473148807
2024-07-02,0.005912661709366629,1.07944503314133
2024-07-03,-0.0013298072174019679,1.076679772128068
2024-07-05,0.0002775591563866267,1.077256173613705
2024-07-08,-0.001823155337813721,1.0734690129327746
2024-07-09,-0.005373562880378706,1.0623270968112637
2024-07-10,0.006174746655226768,1.0750614441542825
2024-07-11,-0.00013036792950147302,1.07479092269022
2024-07-12,0.004216359000450989,1.0835389860711588
2024-07-15,0.007845575538912823,1.0998855485746502
2024-07-16,0.011250700007034561,1.1235107309307706
2024-07-17,0.0015324488427965889,1.1267649024930515
2024-07-18,-0.010717136752822359,1.1039720721919304
2024-07-19,-0.00593570713001038,1.091483510161678
2024-07-22,0.003291693999050769,1.098368033881191
2024-07-23,0.007631933257978623,1.1143826386664482
2024-07-24,-0.007519959813103081,1.0984825661941535
2024-07-25,0.00913740050917712,1.1176572418629953
2024-07-26,0.009008803791208931,1.1367348004519715
2024-07-29,-0.00321855355861832,1.129857605056153
2024-07-30,0.0005967241919296594,1.131128542614455
2024-07-31,0.0015437204329152468,1.1344184092908578
2024-08-01,-0.012007390550400177,1.1087896138525388
2024-08-02,-0.015602955022143993,1.0758862643564333
2024-08-05,-0.021310070753704644,1.031648981186354
2024-08-06,0.00693669648436685,1.045741913531617
2024-08-07,0.0016262637697819842,1.049068829487918
2024-08-08,0.0167651499017129,1.0834217755732105
2024-08-09,0.0008634034727381,1.0852206091694185
2024-08-12,-0.0014912413193526148,1.0821110420370594
2024-08-13,0.012314600761395986,1.10775140826064
2024-08-14,0.004833211336192419,1.1179386162609206
2024-08-15,0.015108013714825229,1.1499364619225485
2024-08-16,0.004627601450086711,1.1598855110113355
2024-08-19,0.004443932910549,1.169483897316737
2024-08-20,-0.0016238876100499473,1.1659608992956816
2024-08-21,0.00286659331686146,1.172169828334186
2024-08-22,-0.0023729607016162377,1.1670153546943127
2024-08-23,0.007393642268204745,1.1830374910166293
2024-08-26,0.0029604916656603263,1.1895003553146077
2024-08-27,0.0008984707139644223,1.1914675572620723
2024-08-28,-0.0033632449463261104,1.184097115075073
2024-08-29,0.005546542388497423,1.196211302304432
2024-08-30,0.0066925646361563375,1.2109095883997618
2024-09-03,-0.013380250942612727,1.1813270632955444
2024-09-04,0.00010325385995411712,1.181552293734652
2024-09-05,-0.007842596944153632,1.1644432583822972
2024-09-06,-0.013695080338677208,1.1348010340702435
2024-09-09,0.01124942908364824,1.1588163269107157
2024-09-10,-0.0029484992290141235,1.1524510586352363
2024-09-11,0.0030714811831511445,1.1590622715594883
2024-09-12,0.004234975518484365,1.168205847422426
2024-09-13,0.005767746487729119,1.18071150908357
2024-09-16,0.006443843892214153,1.194763673622059
2024-09-17,0.0017107175782151483,1.1985182944185526
2024-09-18,-0.004074196450760435,1.1895610989865006
2024-09-19,0.013627841497595078,1.2194000905927886
2024-09-20,-0.0010762484775907223,1.2170114646241235
2024-09-23,0.006760579831272262,1.2319997476175604
2024-09-24,0.002847208453442196,1.2383547161670578
2024-09-25,-0.005245471198788559,1.2266134909707307
2024-09-26,0.003022230120384516,1.233342829329597
2024-09-27,0.0063693588991343445,1.2475677913544052
2024-09-30,0.002675354669549306,1.2535808323401336
2024-10-01,-0.0020862814982419518,1.2488792283448298
2024-10-02,-0.0008038271907719679,1.2470715180723237
2024-10-03,-0.002797504951314138,1.2407853243745595
2024-10-04,0.009386887736428519,1.2618193246559
2024-10-07,-0.005073737182031162,1.2503434478493567
2024-10-08,0.004174195310809397,1.2597368209170803
2024-10-09,0.006014812510734636,1.2733287142185001
2024-10-10,-0.0015291021369382774,1.2698525624236257
2024-10-11,0.01189227792439109,1.2968462799433587
2024-10-14,0.00294962833895119,1.303621122820894
2024-10-15,-0.004777131266409591,1.2926164223291048
2024-10-16,0.00643400077757457,1.3073671181730502
2024-10-17,-0.0008303417278067409,1.3054512149734618
2024-10-18,0.009382064758199683,1.3270811075692128
2024-10-21,-0.0032367689281568067,1.3195488837469318
2024-10-22,-0.0096587062989158,1.2971450423328421
2024-10-23,-0.007073467205306166,1.280896262210069
2024-10-24,0.0050822385998726015,1.2924883212361782
2024-10-25,-0.0040529810191736815,1.2831969095835305
2024-10-28,0.0026939975553045784,1.2893478364762276
2024-10-29,-0.005475614774644192,1.2768122496385188
2024-10-30,0.000737588493606242,1.278491600155954
2024-10-31,-0.012215411157919019,1.2506588884401841
2024-11-01,0.0017658793453788,1.2546332804847737
2024-11-04,0.00048412912802268384,1.2557248141288655
2024-11-05,0.0069465278672939425,1.2713942694111582
2024-11-06,0.02867866467827939,1.3365348240157657
2024-11-07,-0.0005181495665726664,1.33532414950942
2024-11-08,-0.00017331284667389192,1.334919407833162
2024-11-11,0.005722228846956085,1.3482803510239827
2024-11-12,-0.0024857945310118737,1.3424430085701249
2024-11-13,0.0009556118372692727,1.3446814748372433
2024-11-14,-0.0038309624144359906,1.3356990882333175
2024-11-15,-0.006337141665355898,1.3208974322235405
2024-11-18,0.005276661305895392,1.3331440218991064
2024-11-19,0.0015284363881582328,1.3367100841209907
2024-11-20,0.0030990951073643015,1.343951770910019
2024-11-21,0.018887442185174106,1.3882230244679183
2024-11-22,0.012200791582234576,1.4173612358413457
2024-11-25,0.002520995404937728,1.4234553924089761
2024-11-26,0.003010520653266625,1.4307512549200938
2024-11-27,0.0014161919421159786,1.4341936652606
2024-11-29,0.003948050816521557,1.4438039855483034
2024-12-02,-0.002076055594767846,1.4387305126115897
2024-12-03,-0.0026283328885799216,1.4323207169989094
2024-12-04,0.001365687167133664,1.4356425061884681
2024-12-05,-0.0011467961003574522,1.4328493208605062
2024-12-06,-0.0007435766035648977,1.4310403110255154
2024-12-09,-0.006912028922793428,1.4142368900832305
2024-12-10,-0.0010023555493530645,1.411816966339003
2024-12-11,0.003209694314614906,1.419558161543753
2024-12-12,-0.0073986732343005075,1.401656641335106
2024-12-13,-0.003837465353351459,1.3924403671833359
2024-12-16,-0.001133203480993447,1.3897292454311745
2024-12-17,-0.006134604191323865,1.3750692023860234
2024-12-18,-0.026004492404696385,1.313306733351948
2024-12-19,-0.0018851201907969922,1.3089458721213996
2024-12-20,0.011707364369520393,1.335977542755825
2024-12-23,0.00019752710482624937,1.3364389616367847
2024-12-24,0.008248529349883203,1.3557111469860565
2024-12-26,0.0007790597386774341,1.3575463866966269
2024-12-27,-0.0075675063961896764,1.3397056393359863
2024-12-30,-0.010277750418708891,1.3156587287216452
2024-12-31,0.00026984838723139934,1.3162836054949691
2025-01-02,-0.005530482759885769,1.3034734389477731
2025-01-03,0.0057854320674200045,1.3168000280479117
2025-01-06,-0.007279009295727136,1.29993601910741
2025-01-07,-0.004817525043816192,1.2888560197361851
2025-01-08,0.003291752362471038,1.296390366946508
2025-01-10,-0.012880084532253725,1.2668126649011837
2025-01-13,0.017646312763209365,1.306813550161634
2025-01-14,0.00431526490906507,1.316768061726402
2025-01-15,0.008358790453572575,1.3361334404839025
2025-01-16,0.004669621133919967,1.3470422985692432
2025-01-17,0.013689049426610884,1.379171076600704
2025-01-21,0.011854040748124172,1.4073738674894871
2025-01-22,0.006211781528152947,1.4223279480109166
2025-01-23,0.008211582665855739,1.442219094199821
2025-01-24,-0.000505921226645586,1.4409835237199462
2025-01-27,0.0027513728585535865,1.4476995795352856
2025-01-28,-0.007774225578680941,1.4286706108551357
2025-01-29,-0.0008663081747379937,1.426566633651206
2025-01-30,0.0038697088633342838,1.4359567400609174
2025-01-31,-0.004568457410135233,1.4248281754410175
2025-02-03,-0.007990058803550217,1.4054536557307382
2025-02-04,0.00416853396067935,1.4154808709854922
2025-02-05,-0.004027619131520172,1.4057522340176902
2025-02-06,0.004125585757724358,1.415677371170967
2025-02-07,-0.00668211004832693,1.3995355491355492
2025-02-10,0.007150169359433212,1.4166926346958486
2025-02-11,0.003153761641855453,1.424314307227307
2025-02-12,-0.003840545781945355,1.4150036171405755
2025-02-13,-0.00029682664186566395,1.4142867797268064
2025-02-14,-0.0018654870385833892,1.4097829590318027
2025-02-18,0.005230038155374173,1.42238621585371
2025-02-19,0.006654727471700597,1.4385065359514204
2025-02-20,-0.008309734540732574,1.4182431939618225
2025-02-21,-0.010043683155344452,1.3939551255291018
2025-02-24,-0.00402661800527825,1.3843155827168183
2025-02-25,0.0005334138514946431,1.385587409674974
2025-02-26,-0.0075103551267977076,1.3676708010422978
2025-02-27,-0.0025555902214681415,1.3616200046954985
2025-02-28,0.012797980249545624,1.3918439708725234
2025-03-03,-0.013316405112655917,1.3599932075901213
2025-03-04,-0.015485237827212662,1.3234481514999819
2025-03-05,0.011687043415821245,1.3506023909209715
2025-03-06,-0.006377095451997402,1.3356123751043754
2025-03-07,0.008433229227410235,1.3553091296500068
2025-03-10,-0.018685740430604145,1.3112984346195349
2025-03-11,-0.011274012969606916,1.2852408260910022
2025-03-12,-0.003490463074706083,1.2772642773707208
2025-03-13,-0.008868555367066426,1.2570682330414162
2025-03-14,0.01595742192423985,1.2930852231478562
2025-03-17,0.014003085081254045,1.3251954906261623
2025-03-18,-0.004701069635028721,1.314264584709674
2025-03-19,0.008871284130602725,1.3347950833940248
2025-03-20,-0.005165133668759739,1.3227355546991317
2025-03-21,-0.007458392361368754,1.305411681580484
